source_ts,value
2023-04-21T00:00,0
2023-04-21T18:30,1
2023-04-21T18:30:19,0
2023-04-21T18:31:25,1
2023-04-21T18:31:55,0
2023-04-21T18:36:23,1
2023-04-21T18:37:04,0
2023-04-21T18:39:44,1
2023-04-21T18:39:46,0
2023-04-21T18:40:02,1
2023-04-21T18:40:20,0
2023-04-21T18:57:53,1
2023-04-21T18:58:17,0
2023-04-21T19:11:20,1
2023-04-21T19:11:46,0
2023-04-21T19:14:42,1
2023-04-21T19:14:54,0
2023-04-21T19:19:58,1
2023-04-21T19:20:26,0
2023-04-21T19:23:36,1
2023-04-21T19:24:02,0
2023-04-21T19:44:24,1
2023-04-21T19:44:57,0
2023-04-21T19:53:21,1
2023-04-21T19:53:47,0
2023-04-22T08:10,1
2023-04-22T08:10:37,0
2023-04-22T08:20:51,1
2023-04-22T08:21:24,0
2023-04-22T08:24:35,1
2023-04-22T08:25:10,0
2023-04-22T08:25:43,1
2023-04-22T08:26:16,0
2023-04-22T08:43:01,1
2023-04-22T08:43:09,0
2023-04-22T08:46:14,1
2023-04-22T08:46:18,0
2023-04-22T08:50:13,1
2023-04-22T08:50:52,0
2023-04-22T09:05:33,1
2023-04-22T09:05:36,0
2023-04-22T15:14:01,1
2023-04-22T15:14:23,0
2023-04-22T18:12,1
2023-04-22T18:12:26,0
2023-04-22T18:19:59,1
2023-04-22T18:20:25,0
2023-04-22T18:29:39,1
2023-04-22T18:29:47,0
2023-04-22T18:41:59,1
2023-04-22T18:42:05,0
2023-04-22T18:50:18,1
2023-04-22T18:50:58,0
2023-04-22T19:03:03,1
2023-04-22T19:03:43,0
2023-04-22T19:06:17,1
2023-04-22T19:06:57,0
2023-04-22T19:09:09,1
2023-04-22T19:09:42,0
2023-04-22T19:16:17,1
2023-04-22T19:16:18,0
2023-04-22T19:30:10,1
2023-04-22T19:30:14,0
2023-04-22T19:33:23,1
2023-04-22T19:33:43,0
2023-04-22T19:51:36,1
2023-04-22T19:51:54,0
2023-04-23T18:30,1
2023-04-23T18:30:03,0
2023-04-23T18:45:44,1
2023-04-23T18:45:52,0
2023-04-23T18:47:22,1
2023-04-23T18:47:40,0
2023-04-23T18:56:30,1
2023-04-23T18:57:02,0
2023-04-23T19:02:58,1
2023-04-23T19:03:29,0
2023-04-23T19:21:10,1
2023-04-23T19:21:38,1
2023-04-23T19:21:40,0
2023-04-23T19:22:02,0
2023-04-23T19:29:05,1
2023-04-23T19:29:45,0
2023-04-23T19:34:13,1
2023-04-23T19:34:26,1
2023-04-23T19:34:30,0
2023-04-23T19:34:50,0
2023-04-23T19:35:40,1
2023-04-23T19:35:56,0
2023-04-23T19:55:03,1
2023-04-23T19:55:20,0
2023-04-24T18:30,1
2023-04-24T18:30:20,1
2023-04-24T18:30:30,0
2023-04-24T18:30:58,0
2023-04-24T18:42:27,1
2023-04-24T18:42:34,0
2023-04-24T18:55:44,1
2023-04-24T18:56:18,0
2023-04-24T19:15:14,1
2023-04-24T19:15:19,0
2023-04-24T19:26:11,1
2023-04-24T19:26:27,0
2023-04-24T19:38:17,1
2023-04-24T19:38:32,0
2023-04-24T19:39:11,1
2023-04-24T19:39:13,0
2023-04-24T19:53:18,1
2023-04-24T19:53:49,0
2023-04-25T08:10,1
2023-04-25T08:10:07,0
2023-04-25T08:24:12,1
2023-04-25T08:24:34,0
2023-04-25T08:38:35,1
2023-04-25T08:38:48,0
2023-04-25T08:58:09,1
2023-04-25T08:58:36,0
2023-04-25T09:14:53,1
2023-04-25T09:15:13,0
2023-04-25T14:58:08,1
2023-04-25T14:58:30,0
2023-04-25T18:12,1
2023-04-25T18:12:37,0
2023-04-25T18:29:57,1
2023-04-25T18:30:33,0
2023-04-25T18:35:30,1
2023-04-25T18:36:01,0
2023-04-25T18:49:56,1
2023-04-25T18:50:24,0
2023-04-25T18:58:19,1
2023-04-25T18:58:37,0
2023-04-25T19:05:43,1
2023-04-25T19:06:24,0
2023-04-25T19:20:23,1
2023-04-25T19:20:32,0
2023-04-25T19:31:50,1
2023-04-25T19:31:53,0
2023-04-25T19:51:52,1
2023-04-25T19:52:01,0
2023-04-25T19:59:12,1
2023-04-25T19:59:47,0
2023-04-26T18:30,1
2023-04-26T18:30:12,0
2023-04-26T18:31:22,1
2023-04-26T18:31:26,0
2023-04-26T18:35:07,1
2023-04-26T18:35:08,0
2023-04-26T18:52:17,1
2023-04-26T18:52:36,0
2023-04-26T19:09:01,1
2023-04-26T19:09:02,0
2023-04-26T19:27:56,1
2023-04-26T19:28:38,0
2023-04-26T19:48:56,1
2023-04-26T19:49:17,0
2023-04-26T19:57:05,1
2023-04-26T19:57:26,0
2023-04-27T08:10,1
2023-04-27T08:10:20,0
2023-04-27T08:14:07,1
2023-04-27T08:14:11,0
2023-04-27T08:35:03,1
2023-04-27T08:35:08,0
2023-04-27T08:37:27,1
2023-04-27T08:37:54,0
2023-04-27T08:53:15,1
2023-04-27T08:53:49,0
2023-04-27T09:00:33,1
2023-04-27T09:01:10,0
2023-04-27T11:03:34,1
2023-04-27T11:03:39,0
2023-04-27T12:20,1
2023-04-27T12:20:35,0
2023-04-27T16:09:51,1
2023-04-27T16:10:20,0
2023-04-27T18:12,1
2023-04-27T18:12:11,0
2023-04-27T18:18:15,1
2023-04-27T18:18:50,0
2023-04-27T18:31:35,1
2023-04-27T18:32:02,0
2023-04-27T18:38:51,1
2023-04-27T18:38:53,0
2023-04-27T18:55:06,1
2023-04-27T18:55:31,0
2023-04-27T19:10:59,1
2023-04-27T19:11:24,0
2023-04-27T19:13:24,1
2023-04-27T19:14:02,0
2023-04-27T19:35:08,1
2023-04-27T19:35:31,0
2023-04-27T19:39:36,1
2023-04-27T19:40,0
2023-04-27T19:53:27,1
2023-04-27T19:53:39,0
2023-04-28T18:30,1
2023-04-28T18:30:06,0
2023-04-28T18:45:45,1
2023-04-28T18:46:13,0
2023-04-28T18:48:51,1
2023-04-28T18:49:09,0
2023-04-28T18:57:14,1
2023-04-28T18:57:30,0
2023-04-28T18:57:51,1
2023-04-28T18:57:55,0
2023-04-28T19:14:57,1
2023-04-28T19:15:37,0
2023-04-28T19:32:43,1
2023-04-28T19:33:01,1
2023-04-28T19:33:05,0
2023-04-28T19:33:21,0
2023-04-28T19:45:29,1
2023-04-28T19:45:47,0
2023-04-29T08:10,1
2023-04-29T08:10:26,0
2023-04-29T08:13:41,1
2023-04-29T08:13:53,0
2023-04-29T08:26:42,1
2023-04-29T08:27:09,0
2023-04-29T08:43:53,1
2023-04-29T08:44:17,0
2023-04-29T08:52:13,1
2023-04-29T08:52:32,0
2023-04-29T09:09:55,1
2023-04-29T09:10:17,0
2023-04-29T09:12:27,1
2023-04-29T09:12:41,0
2023-04-29T10:29:36,1
2023-04-29T10:30:14,0
2023-04-29T12:23:25,1
2023-04-29T12:24:07,0
2023-04-29T19:09:44,1
2023-04-29T19:09:56,0
2023-04-29T19:13:25,1
2023-04-29T19:13:29,0
2023-04-29T19:21:13,1
2023-04-29T19:21:31,0
2023-04-29T19:38:01,1
2023-04-29T19:38:31,0
2023-04-29T19:59:53,1
2023-04-29T20:00:24,0
2023-04-30T18:30,1
2023-04-30T18:30:01,0
2023-04-30T18:30:27,1
2023-04-30T18:30:47,0
2023-04-30T18:36:19,1
2023-04-30T18:36:40,0
2023-04-30T18:58:17,1
2023-04-30T18:58:42,0
2023-04-30T19:08:50,1
2023-04-30T19:09:26,0
2023-04-30T19:27:59,1
2023-04-30T19:28:17,0
2023-04-30T19:33:48,1
2023-04-30T19:34:28,0
2023-04-30T19:35:15,1
2023-04-30T19:35:29,0
2023-04-30T19:43:04,1
2023-04-30T19:43:39,0
2023-04-30T19:57:24,1
2023-04-30T19:58,0
2023-05-01T18:30,1
2023-05-01T18:30:34,0
2023-05-01T18:40:26,1
2023-05-01T18:40:48,0
2023-05-01T18:55:28,1
2023-05-01T18:55:32,0
2023-05-01T19:05:13,1
2023-05-01T19:05:52,0
2023-05-01T19:13:05,1
2023-05-01T19:13:18,1
2023-05-01T19:13:24,0
2023-05-01T19:13:27,0
2023-05-01T19:34:45,1
2023-05-01T19:35:20,0
2023-05-01T19:49:29,1
2023-05-01T19:49:50,0
2023-05-02T08:10,1
2023-05-02T08:10:10,0
2023-05-02T08:16:16,1
2023-05-02T08:16:29,1
2023-05-02T08:16:47,0
2023-05-02T08:16:58,0
2023-05-02T08:26:22,1
2023-05-02T08:27:02,0
2023-05-02T08:41:06,1
2023-05-02T08:41:24,0
2023-05-02T09:00:45,1
2023-05-02T09:00:58,0
2023-05-02T12:15:26,1
2023-05-02T12:15:28,0
2023-05-02T12:49:55,1
2023-05-02T12:50:16,0
2023-05-02T18:12,1
2023-05-02T18:12:24,0
2023-05-02T18:26:37,1
2023-05-02T18:26:48,0
2023-05-02T18:44:32,1
2023-05-02T18:44:49,0
2023-05-02T18:53:10,1
2023-05-02T18:53:42,0
2023-05-02T19:08:46,1
2023-05-02T19:09:14,0
2023-05-02T19:09:47,1
2023-05-02T19:10:29,0
2023-05-02T19:31:16,1
2023-05-02T19:31:21,0
2023-05-02T19:36:16,1
2023-05-02T19:36:29,0
2023-05-02T19:46:10,1
2023-05-02T19:46:23,0
2023-05-02T19:54:53,1
2023-05-02T19:55:15,0
2023-05-03T18:30,1
2023-05-03T18:30:10,0
2023-05-03T18:40:46,1
2023-05-03T18:40:48,0
2023-05-03T18:46:21,1
2023-05-03T18:46:28,0
2023-05-03T19:04:43,1
2023-05-03T19:05:02,0
2023-05-03T19:06:24,1
2023-05-03T19:06:30,1
2023-05-03T19:06:45,0
2023-05-03T19:06:48,0
2023-05-03T19:16:15,1
2023-05-03T19:16:29,0
2023-05-03T19:21:16,1
2023-05-03T19:21:26,0
2023-05-03T19:23:08,1
2023-05-03T19:23:41,0
2023-05-03T19:30:44,1
2023-05-03T19:30:49,0
2023-05-03T19:49:59,1
2023-05-03T19:50:39,0
2023-05-04T08:10,1
2023-05-04T08:10:22,0
2023-05-04T08:27:57,1
2023-05-04T08:28:20,0
2023-05-04T08:42:45,1
2023-05-04T08:43:22,0
2023-05-04T08:58:07,1
2023-05-04T08:58:46,0
2023-05-04T09:12:24,1
2023-05-04T09:12:50,0
2023-05-04T14:15:42,1
2023-05-04T14:15:50,0
2023-05-04T18:12,1
2023-05-04T18:12:29,0
2023-05-04T18:28:13,1
2023-05-04T18:28:50,0
2023-05-04T18:32:03,1
2023-05-04T18:32:35,0
2023-05-04T18:33:55,1
2023-05-04T18:34:16,0
2023-05-04T18:39:44,1
2023-05-04T18:40:07,0
2023-05-04T18:41:44,1
2023-05-04T18:42:03,0
2023-05-04T18:58:41,1
2023-05-04T18:59:23,0
2023-05-04T19:06:56,1
2023-05-04T19:07:01,0
2023-05-04T19:27:07,1
2023-05-04T19:27:30,0
2023-05-04T19:33:03,1
2023-05-04T19:33:05,0
2023-05-04T19:49:30,1
2023-05-04T19:50:05,0
2023-05-04T19:59:01,1
2023-05-04T19:59:24,0
2023-05-05T18:30,1
2023-05-05T18:30:42,0
2023-05-05T18:49:10,1
2023-05-05T18:49:23,0
2023-05-05T18:49:42,1
2023-05-05T18:50:04,0
2023-05-05T18:51:36,1
2023-05-05T18:51:59,0
2023-05-05T19:02:16,1
2023-05-05T19:02:55,0
2023-05-05T19:13:50,1
2023-05-05T19:14:09,0
2023-05-05T19:16:04,1
2023-05-05T19:16:44,0
2023-05-05T19:18:53,1
2023-05-05T19:19:20,0
2023-05-05T19:19:27,1
2023-05-05T19:19:40,0
2023-05-05T19:21:26,1
2023-05-05T19:21:54,0
2023-05-05T19:42:25,1
2023-05-05T19:43:03,0
2023-05-06T08:10,1
2023-05-06T08:10:03,0
2023-05-06T08:26,1
2023-05-06T08:26:02,0
2023-05-06T08:26:30,1
2023-05-06T08:26:56,0
2023-05-06T08:33:03,1
2023-05-06T08:33:13,0
2023-05-06T08:41:11,1
2023-05-06T08:41:35,0
2023-05-06T08:44:46,1
2023-05-06T08:45:08,0
2023-05-06T08:48:02,1
2023-05-06T08:48:27,0
2023-05-06T09:08:40,1
2023-05-06T09:08:46,0
2023-05-06T17:59:09,1
2023-05-06T17:59:47,0
2023-05-06T18:12,1
2023-05-06T18:12:03,0
2023-05-06T18:22:50,1
2023-05-06T18:23:01,0
2023-05-06T18:25:14,1
2023-05-06T18:25:37,0
2023-05-06T18:43:03,1
2023-05-06T18:43:21,0
2023-05-06T18:53:30,1
2023-05-06T18:53:48,0
2023-05-06T18:57:09,1
2023-05-06T18:57:14,0
2023-05-06T19:07:10,1
2023-05-06T19:07:15,0
2023-05-06T19:25:39,1
2023-05-06T19:25:53,0
2023-05-06T19:36:33,1
2023-05-06T19:36:38,1
2023-05-06T19:37,0
2023-05-06T19:37:14,0
2023-05-06T19:49:07,1
2023-05-06T19:49:22,0
2023-05-07T18:30,1
2023-05-07T18:30:22,0
2023-05-07T18:49:17,1
2023-05-07T18:49:27,0
2023-05-07T18:50:59,1
2023-05-07T18:51:02,0
2023-05-07T18:57:11,1
2023-05-07T18:57:45,0
2023-05-07T19:03:19,1
2023-05-07T19:03:41,0
2023-05-07T19:20:41,1
2023-05-07T19:21:11,0
2023-05-07T19:30:57,1
2023-05-07T19:31:31,0
2023-05-07T19:42:38,1
2023-05-07T19:42:57,0
2023-05-07T19:51:56,1
2023-05-07T19:52:21,0
2023-05-07T19:56:46,1
2023-05-07T19:56:52,0
2023-05-07T19:59:30,1
2023-05-07T19:59:41,0
2023-05-08T18:30,1
2023-05-08T18:30:15,0
2023-05-08T18:43:47,1
2023-05-08T18:44:13,0
2023-05-08T18:47:27,1
2023-05-08T18:48:05,0
2023-05-08T18:49:41,1
2023-05-08T18:49:48,0
2023-05-08T19:06:16,1
2023-05-08T19:06:19,0
2023-05-08T19:24:29,1
2023-05-08T19:24:56,0
2023-05-08T19:33:41,1
2023-05-08T19:34,0
2023-05-08T19:51:11,1
2023-05-08T19:51:37,0
2023-05-09T08:10,1
2023-05-09T08:10:22,0
2023-05-09T08:26:26,1
2023-05-09T08:26:36,0
2023-05-09T08:29:18,1
2023-05-09T08:29:56,0
2023-05-09T08:39:48,1
2023-05-09T08:40:25,0
2023-05-09T08:47:25,1
2023-05-09T08:47:52,0
2023-05-09T08:49:42,1
2023-05-09T08:50:07,0
2023-05-09T09:10:09,1
2023-05-09T09:10:19,0
2023-05-09T17:38:27,1
2023-05-09T17:38:38,0
2023-05-09T18:12,1
2023-05-09T18:12:04,0
2023-05-09T18:20:43,1
2023-05-09T18:20:56,0
2023-05-09T18:25:51,1
2023-05-09T18:26:33,0
2023-05-09T18:38:01,1
2023-05-09T18:38:15,0
2023-05-09T18:38:21,1
2023-05-09T18:38:32,0
2023-05-09T18:56:02,1
2023-05-09T18:56:33,0
2023-05-09T19:04:50,1
2023-05-09T19:05:02,0
2023-05-09T19:11:12,1
2023-05-09T19:11:25,0
2023-05-09T19:23,1
2023-05-09T19:23:14,0
2023-05-09T19:36:40,1
2023-05-09T19:37:06,0
2023-05-09T19:46:08,1
2023-05-09T19:46:34,0
2023-05-10T18:30,1
2023-05-10T18:30:33,0
2023-05-10T18:41:06,1
2023-05-10T18:41:35,0
2023-05-10T19:01:37,1
2023-05-10T19:01:57,0
2023-05-10T19:02:08,1
2023-05-10T19:02:41,0
2023-05-10T19:03:46,1
2023-05-10T19:04:01,0
2023-05-10T19:10:53,1
2023-05-10T19:10:54,0
2023-05-10T19:30:32,1
2023-05-10T19:30:42,0
2023-05-10T19:37:43,1
2023-05-10T19:38:21,0
2023-05-10T19:58:23,1
2023-05-10T19:58:55,0
2023-05-11T08:10,1
2023-05-11T08:10:04,0
2023-05-11T08:16:15,1
2023-05-11T08:16:48,0
2023-05-11T08:29:57,1
2023-05-11T08:30:24,0
2023-05-11T08:40:38,1
2023-05-11T08:40:42,1
2023-05-11T08:41,0
2023-05-11T08:41:08,0
2023-05-11T08:42:27,1
2023-05-11T08:42:55,0
2023-05-11T08:49:39,1
2023-05-11T08:50:09,0
2023-05-11T08:57:39,1
2023-05-11T08:58:06,0
2023-05-11T09:15:46,1
2023-05-11T09:16:17,0
2023-05-11T11:59:39,1
2023-05-11T11:59:51,0
2023-05-11T18:12,1
2023-05-11T18:12:02,0
2023-05-11T18:24:37,1
2023-05-11T18:24:42,0
2023-05-11T18:27:53,1
2023-05-11T18:28:08,0
2023-05-11T18:41:19,1
2023-05-11T18:41:41,0
2023-05-11T18:44:28,1
2023-05-11T18:44:52,0
2023-05-11T18:54:26,1
2023-05-11T18:54:39,0
2023-05-11T19:13:37,1
2023-05-11T19:14:13,0
2023-05-11T19:17:10,1
2023-05-11T19:17:50,0
2023-05-11T19:37:53,1
2023-05-11T19:38:26,0
2023-05-11T19:42:47,1
2023-05-11T19:43,0
2023-05-11T19:46:16,1
2023-05-11T19:46:22,0
2023-05-11T19:48:18,1
2023-05-11T19:48:21,0
2023-05-12T18:30,1
2023-05-12T18:30:04,0
2023-05-12T18:45:14,1
2023-05-12T18:45:41,0
2023-05-12T18:49:33,1
2023-05-12T18:49:45,0
2023-05-12T18:58:52,1
2023-05-12T18:59:14,0
2023-05-12T19:15:40,1
2023-05-12T19:15:59,0
2023-05-12T19:34:23,1
2023-05-12T19:35:05,0
2023-05-12T19:40:39,1
2023-05-12T19:40:41,0
2023-05-12T19:45:55,1
2023-05-12T19:45:56,1
2023-05-12T19:46:20,0
2023-05-12T19:46:30,0
2023-05-12T19:54:33,1
2023-05-12T19:55:07,0
2023-05-12T19:58:52,1
2023-05-12T19:59,0
2023-05-13T08:10,1
2023-05-13T08:10:25,0
2023-05-13T08:27:44,1
2023-05-13T08:27:50,0
2023-05-13T08:32:56,1
2023-05-13T08:33:34,0
2023-05-13T08:39:32,1
2023-05-13T08:40:07,0
2023-05-13T08:46:14,1
2023-05-13T08:46:36,0
2023-05-13T09:07:42,1
2023-05-13T09:07:58,0
2023-05-13T10:15:16,1
2023-05-13T10:15:36,0
2023-05-13T18:12,1
2023-05-13T18:12:12,0
2023-05-13T18:30:34,1
2023-05-13T18:31:05,0
2023-05-13T18:40:06,1
2023-05-13T18:40:14,0
2023-05-13T18:57,1
2023-05-13T18:57:27,0
2023-05-13T19:05:37,1
2023-05-13T19:06:12,0
2023-05-13T19:19:05,1
2023-05-13T19:19:28,0
2023-05-13T19:31:35,1
2023-05-13T19:31:48,0
2023-05-13T19:32:17,1
2023-05-13T19:32:53,0
2023-05-13T19:49:10,1
2023-05-13T19:49:15,0
2023-05-14T18:30,1
2023-05-14T18:30:29,0
2023-05-14T18:43:23,1
2023-05-14T18:43:57,0
2023-05-14T18:58:21,1
2023-05-14T18:58:53,0
2023-05-14T19:06:15,1
2023-05-14T19:06:36,0
2023-05-14T19:26:58,1
2023-05-14T19:27:22,0
2023-05-14T19:37:11,1
2023-05-14T19:37:51,0
2023-05-14T19:57:29,1
2023-05-14T19:57:31,0
2023-05-15T18:30,1
2023-05-15T18:30:24,0
2023-05-15T18:47:46,1
2023-05-15T18:48:28,0
2023-05-15T19:05:18,1
2023-05-15T19:05:25,0
2023-05-15T19:15,1
2023-05-15T19:15:24,0
2023-05-15T19:26:40,1
2023-05-15T19:27:14,0
2023-05-15T19:47:34,1
2023-05-15T19:47:56,0
2023-05-15T19:53:43,1
2023-05-15T19:54:19,0
2023-05-16T08:10,1
2023-05-16T08:10:24,0
2023-05-16T08:27:23,1
2023-05-16T08:28:04,0
2023-05-16T08:29:16,1
2023-05-16T08:29:22,0
2023-05-16T08:32:33,1
2023-05-16T08:32:55,0
2023-05-16T08:47:07,1
2023-05-16T08:47:24,0
2023-05-16T08:56:59,1
2023-05-16T08:57:14,0
2023-05-16T08:59:23,1
2023-05-16T08:59:49,0
2023-05-16T09:09:34,1
2023-05-16T09:09:40,0
2023-05-16T10:36:48,1
2023-05-16T10:37:28,0
2023-05-16T14:31:05,1
2023-05-16T14:31:40,0
2023-05-16T17:11:26,1
2023-05-16T17:12:05,0
2023-05-16T18:12,1
2023-05-16T18:12:19,0
2023-05-16T18:22:16,1
2023-05-16T18:22:34,0
2023-05-16T18:39:58,1
2023-05-16T18:40:15,0
2023-05-16T18:58:41,1
2023-05-16T18:59:04,0
2023-05-16T19:12:31,1
2023-05-16T19:12:51,0
2023-05-16T19:19:46,1
2023-05-16T19:20:06,1
2023-05-16T19:20:08,0
2023-05-16T19:20:12,0
2023-05-16T19:30:58,1
2023-05-16T19:31:32,0
2023-05-16T19:46:38,1
2023-05-16T19:46:40,1
2023-05-16T19:46:45,0
2023-05-16T19:46:50,0
2023-05-17T18:30,1
2023-05-17T18:30:36,0
2023-05-17T18:45:10,1
2023-05-17T18:45:15,0
2023-05-17T18:51:25,1
2023-05-17T18:51:56,0
2023-05-17T18:57:13,1
2023-05-17T18:57:23,0
2023-05-17T19:09:29,1
2023-05-17T19:09:39,0
2023-05-17T19:14:03,1
2023-05-17T19:14:17,0
2023-05-17T19:30:07,1
2023-05-17T19:30:41,0
2023-05-17T19:47:26,1
2023-05-17T19:47:41,0
2023-05-18T08:10,1
2023-05-18T08:10:06,0
2023-05-18T08:15:27,1
2023-05-18T08:16:03,0
2023-05-18T08:32:22,1
2023-05-18T08:32:54,0
2023-05-18T08:38:58,1
2023-05-18T08:39:39,0
2023-05-18T08:40:47,1
2023-05-18T08:41:14,1
2023-05-18T08:41:19,0
2023-05-18T08:41:20,0
2023-05-18T08:53:24,1
2023-05-18T08:53:46,0
2023-05-18T08:58:12,1
2023-05-18T08:58:17,0
2023-05-18T09:11:23,1
2023-05-18T09:11:34,0
2023-05-18T12:15:58,1
2023-05-18T12:16:15,0
2023-05-18T14:29:35,1
2023-05-18T14:29:58,0
2023-05-18T18:12,1
2023-05-18T18:12:04,0
2023-05-18T18:23:07,1
2023-05-18T18:23:11,0
2023-05-18T18:38:55,1
2023-05-18T18:39:31,0
2023-05-18T18:57:40,1
2023-05-18T18:58:02,0
2023-05-18T19:00:18,1
2023-05-18T19:00:43,0
2023-05-18T19:08:50,1
2023-05-18T19:09:05,0
2023-05-18T19:17:33,1
2023-05-18T19:17:44,0
2023-05-18T19:35:53,1
2023-05-18T19:36:27,0
2023-05-18T19:55:01,1
2023-05-18T19:55:21,0
2023-05-19T18:30,1
2023-05-19T18:30:23,0
2023-05-19T18:32:15,1
2023-05-19T18:32:26,0
2023-05-19T18:48:25,1
2023-05-19T18:48:35,0
2023-05-19T19:04:04,1
2023-05-19T19:04:21,0
2023-05-19T19:25:32,1
2023-05-19T19:26:10,0
2023-05-19T19:44:01,1
2023-05-19T19:44:39,0
2023-05-19T19:44:55,1
2023-05-19T19:45:01,0
2023-05-20T08:10,1
2023-05-20T08:10:25,0
2023-05-20T08:16:21,1
2023-05-20T08:16:35,0
2023-05-20T08:31:51,1
2023-05-20T08:31:55,0
2023-05-20T08:39:23,1
2023-05-20T08:39:33,0
2023-05-20T08:47:12,1
2023-05-20T08:47:18,0
2023-05-20T09:07:08,1
2023-05-20T09:07:35,0
2023-05-20T15:37:50,1
2023-05-20T15:37:58,0
2023-05-20T16:11:45,1
2023-05-20T16:12:19,0
2023-05-20T18:12,1
2023-05-20T18:12:21,0
2023-05-20T18:20:29,1
2023-05-20T18:20:49,0
2023-05-20T18:23:19,1
2023-05-20T18:23:40,0
2023-05-20T18:41:50,1
2023-05-20T18:42:03,0
2023-05-20T18:57:58,1
2023-05-20T18:58:25,0
2023-05-20T19:10:09,1
2023-05-20T19:10:13,0
2023-05-20T19:27:48,1
2023-05-20T19:27:56,0
2023-05-20T19:38:33,1
2023-05-20T19:39:04,0
2023-05-20T19:44,1
2023-05-20T19:44:26,0
2023-05-20T19:54:49,1
2023-05-20T19:55:25,0
2023-05-21T18:30,1
2023-05-21T18:30:09,0
2023-05-21T18:36:45,1
2023-05-21T18:37:03,0
2023-05-21T18:44:40,1
2023-05-21T18:45:01,0
2023-05-21T19:05:07,1
2023-05-21T19:05:35,0
2023-05-21T19:08:45,1
2023-05-21T19:08:57,0
2023-05-21T19:10:34,1
2023-05-21T19:10:48,0
2023-05-21T19:29:19,1
2023-05-21T19:29:45,0
2023-05-21T19:36:47,1
2023-05-21T19:36:57,0
2023-05-21T19:57:33,1
2023-05-21T19:57:37,0
2023-05-21T19:58:46,1
2023-05-21T19:58:58,0
2023-05-22T18:30,1
2023-05-22T18:30:14,0
2023-05-22T18:47:20,1
2023-05-22T18:47:36,0
2023-05-22T18:58:25,1
2023-05-22T18:58:29,0
2023-05-22T19:02:34,1
2023-05-22T19:03:05,0
2023-05-22T19:18:48,1
2023-05-22T19:19,0
2023-05-22T19:30:23,1
2023-05-22T19:30:38,0
2023-05-22T19:49:26,1
2023-05-22T19:50:02,0
2023-05-22T19:59:01,1
2023-05-22T19:59:09,0
2023-05-23T08:10,1
2023-05-23T08:10:05,0
2023-05-23T08:13:47,1
2023-05-23T08:13:49,0
2023-05-23T08:29:58,1
2023-05-23T08:30:38,0
2023-05-23T08:36:24,1
2023-05-23T08:36:35,0
2023-05-23T08:45:11,1
2023-05-23T08:45:21,0
2023-05-23T08:57:04,1
2023-05-23T08:57:29,0
2023-05-23T09:19,1
2023-05-23T09:19:26,0
2023-05-23T11:12:56,1
2023-05-23T11:13:03,0
2023-05-23T11:58:35,1
2023-05-23T11:58:52,0
2023-05-23T18:12,1
2023-05-23T18:12:02,0
2023-05-23T18:16:53,1
2023-05-23T18:17:33,0
2023-05-23T18:27:08,1
2023-05-23T18:27:39,0
2023-05-23T18:32:53,1
2023-05-23T18:33:23,0
2023-05-23T18:46:23,1
2023-05-23T18:46:43,0
2023-05-23T18:56:10,1
2023-05-23T18:56:18,0
2023-05-23T19:17:56,1
2023-05-23T19:18:35,0
2023-05-23T19:31:21,1
2023-05-23T19:31:24,0
2023-05-23T19:37:32,1
2023-05-23T19:37:51,0
2023-05-23T19:57:34,1
2023-05-23T19:57:43,0
2023-05-24T18:30,1
2023-05-24T18:30:05,0
2023-05-24T18:36:49,1
2023-05-24T18:37:10,0
2023-05-24T18:54:30,1
2023-05-24T18:55:04,0
2023-05-24T19:11:13,1
2023-05-24T19:11:36,0
2023-05-24T19:12:56,1
2023-05-24T19:13:32,0
2023-05-24T19:17:02,1
2023-05-24T19:17:07,0
2023-05-24T19:26:58,1
2023-05-24T19:26:59,0
2023-05-24T19:42:50,1
2023-05-24T19:43:06,0
2023-05-24T19:44:15,1
2023-05-24T19:44:39,0
2023-05-24T19:58:26,1
2023-05-24T19:58:27,0
2023-05-25T08:10,1
2023-05-25T08:10:22,0
2023-05-25T08:21:12,1
2023-05-25T08:21:21,0
2023-05-25T08:22:26,1
2023-05-25T08:22:29,0
2023-05-25T08:34:48,1
2023-05-25T08:35:24,0
2023-05-25T08:54:01,1
2023-05-25T08:54:24,0
2023-05-25T09:01:07,1
2023-05-25T09:01:43,0
2023-05-25T15:09:41,1
2023-05-25T15:10:15,0
2023-05-26T18:30,1
2023-05-26T18:30:36,0
2023-05-26T18:34:26,1
2023-05-26T18:34:53,0
2023-05-26T18:53:24,1
2023-05-26T18:53:58,0
2023-05-26T18:56:26,1
2023-05-26T18:57:07,0
2023-05-26T19:13:28,1
2023-05-26T19:13:33,0
2023-05-26T19:29:17,1
2023-05-26T19:29:31,0
2023-05-26T19:37:55,1
2023-05-26T19:38:30,0
2023-05-26T19:57:48,1
2023-05-26T19:58:06,0
2023-05-27T08:10,1
2023-05-27T08:10:34,0
2023-05-27T08:29:10,1
2023-05-27T08:29:30,0
2023-05-27T08:38:17,1
2023-05-27T08:38:19,0
2023-05-27T08:44:51,1
2023-05-27T08:44:53,0
2023-05-27T09:06:30,1
2023-05-27T09:06:50,0
2023-05-27T16:37:37,1
2023-05-27T16:37:38,0
2023-05-27T17:59:04,1
2023-05-27T17:59:36,0
2023-05-27T18:12,1
2023-05-27T18:12:34,0
2023-05-27T18:13:16,1
2023-05-27T18:13:43,0
2023-05-27T18:34:55,1
2023-05-27T18:35:21,0
2023-05-27T18:51:06,1
2023-05-27T18:51:38,0
2023-05-27T18:54:40,1
2023-05-27T18:55:13,0
2023-05-27T19:00:56,1
2023-05-27T19:01,0
2023-05-27T19:16:43,1
2023-05-27T19:16:54,0
2023-05-27T19:24:09,1
2023-05-27T19:24:23,0
2023-05-27T19:38:15,1
2023-05-27T19:38:35,0
2023-05-27T19:56:47,1
2023-05-27T19:57:20,0
2023-05-27T19:59:22,1
2023-05-27T19:59:32,0
2023-05-28T18:30,1
2023-05-28T18:30:32,0
2023-05-28T18:37:19,1
2023-05-28T18:37:22,0
2023-05-28T18:57:18,1
2023-05-28T18:57:32,0
2023-05-28T19:07:19,1
2023-05-28T19:07:32,0
2023-05-28T19:08:24,1
2023-05-28T19:09:02,0
2023-05-28T19:26:55,1
2023-05-28T19:27:20,0
2023-05-28T19:47:05,1
2023-05-28T19:47:32,0
2023-05-28T19:51:27,1
2023-05-28T19:51:48,0
2023-05-28T19:54:11,1
2023-05-28T19:54:34,0
2023-05-28T19:55:17,1
2023-05-28T19:55:32,0
2023-05-29T18:30,1
2023-05-29T18:30:38,0
2023-05-29T18:31:57,1
2023-05-29T18:32:07,0
2023-05-29T18:35:11,1
2023-05-29T18:35:32,0
2023-05-29T18:51:44,1
2023-05-29T18:52:14,0
2023-05-29T19:10:24,1
2023-05-29T19:10:34,0
2023-05-29T19:20:32,1
2023-05-29T19:21:03,0
2023-05-29T19:26:09,1
2023-05-29T19:26:39,0
2023-05-29T19:26:44,1
2023-05-29T19:26:52,0
2023-05-29T19:28:07,1
2023-05-29T19:28:30,0
2023-05-29T19:45:34,1
2023-05-29T19:45:39,0
2023-05-29T19:49:22,1
2023-05-29T19:49:52,0
2023-05-29T19:52:53,1
2023-05-29T19:53:10,0
2023-05-30T08:10,1
2023-05-30T08:10:02,0
2023-05-30T08:12:25,1
2023-05-30T08:12:34,0
2023-05-30T08:15:55,1
2023-05-30T08:16:22,0
2023-05-30T08:23:47,1
2023-05-30T08:24:07,0
2023-05-30T08:29:08,1
2023-05-30T08:29:44,0
2023-05-30T08:33:13,1
2023-05-30T08:33:29,0
2023-05-30T08:43:49,1
2023-05-30T08:44:02,0
2023-05-30T08:55:16,1
2023-05-30T08:55:39,0
2023-05-30T08:57:59,1
2023-05-30T08:58:05,0
2023-05-30T09:00:30,1
2023-05-30T09:00:37,0
2023-05-30T13:23:17,1
2023-05-30T13:23:22,0
2023-05-30T18:12,1
2023-05-30T18:12:11,0
2023-05-30T18:24:07,1
2023-05-30T18:24:37,0
2023-05-30T18:31:49,1
2023-05-30T18:31:57,0
2023-05-30T18:43:05,1
2023-05-30T18:43:08,0
2023-05-30T19:01:44,1
2023-05-30T19:02:16,0
2023-05-30T19:18:50,1
2023-05-30T19:19:03,0
2023-05-30T19:22:28,1
2023-05-30T19:22:35,0
2023-05-30T19:38:29,1
2023-05-30T19:38:51,0
2023-05-30T19:45,1
2023-05-30T19:45:23,0
2023-05-30T19:53:57,1
2023-05-30T19:54:13,0
2023-05-31T18:30,1
2023-05-31T18:30:33,0
2023-05-31T18:31:01,1
2023-05-31T18:31:35,0
2023-05-31T18:34:46,1
2023-05-31T18:35:24,0
2023-05-31T18:43:02,1
2023-05-31T18:43:33,0
2023-05-31T18:56:53,1
2023-05-31T18:57:26,0
2023-05-31T18:58:59,1
2023-05-31T18:59:07,0
2023-05-31T19:01:48,1
2023-05-31T19:02:17,1
2023-05-31T19:02:20,0
2023-05-31T19:02:22,0
2023-05-31T19:07:44,1
2023-05-31T19:08:18,0
2023-05-31T19:20:05,1
2023-05-31T19:20:45,0
2023-05-31T19:30:53,1
2023-05-31T19:31:08,0
2023-05-31T19:40:39,1
2023-05-31T19:41:17,0
2023-05-31T19:44:01,1
2023-05-31T19:44:15,0
2023-05-31T19:48:28,1
2023-05-31T19:48:59,0
2023-06-01T08:10,1
2023-06-01T08:10:28,0
2023-06-01T08:31:42,1
2023-06-01T08:31:54,0
2023-06-01T08:35:38,1
2023-06-01T08:35:48,0
2023-06-01T08:52:34,1
2023-06-01T08:52:54,0
2023-06-01T09:08:05,1
2023-06-01T09:08:20,0
2023-06-01T14:59:01,1
2023-06-01T14:59:19,0
2023-06-01T16:59:55,1
2023-06-01T17:00:37,0
2023-06-01T18:12,1
2023-06-01T18:12:15,0
2023-06-01T18:12:50,1
2023-06-01T18:13:22,0
2023-06-01T18:16:08,1
2023-06-01T18:16:30,0
2023-06-01T18:18:47,1
2023-06-01T18:19:25,0
2023-06-01T18:38:55,1
2023-06-01T18:39:23,0
2023-06-01T18:44:42,1
2023-06-01T18:44:52,0
2023-06-01T19:02:44,1
2023-06-01T19:02:58,0
2023-06-01T19:14:24,1
2023-06-01T19:14:25,0
2023-06-01T19:15:03,1
2023-06-01T19:15:21,0
2023-06-01T19:21:29,1
2023-06-01T19:21:45,0
2023-06-01T19:38:56,1
2023-06-01T19:39:21,0
2023-06-01T19:51:47,1
2023-06-01T19:52:04,0
2023-06-01T19:58:41,1
2023-06-01T19:59,0
2023-06-02T18:30,1
2023-06-02T18:30:04,0
2023-06-02T18:39:58,1
2023-06-02T18:40:19,0
2023-06-02T18:41:56,1
2023-06-02T18:42,0
2023-06-02T18:54,1
2023-06-02T18:54:37,0
2023-06-02T19:11:31,1
2023-06-02T19:12:08,0
2023-06-02T19:15:52,1
2023-06-02T19:16:17,0
2023-06-02T19:29:49,1
2023-06-02T19:29:58,0
2023-06-02T19:44:34,1
2023-06-02T19:44:45,0
2023-06-02T19:49:05,1
2023-06-02T19:49:21,0
2023-06-02T19:54:58,1
2023-06-02T19:55:33,0
2023-06-03T08:10,1
2023-06-03T08:10:02,0
2023-06-03T08:27:07,1
2023-06-03T08:27:15,0
2023-06-03T08:41:43,1
2023-06-03T08:41:48,0
2023-06-03T08:54,1
2023-06-03T08:54:11,0
2023-06-03T09:14:51,1
2023-06-03T09:15:20,0
2023-06-03T16:25:46,1
2023-06-03T16:25:56,0
2023-06-03T18:12,1
2023-06-03T18:12:38,0
2023-06-03T18:25:29,1
2023-06-03T18:25:33,0
2023-06-03T18:47:23,1
2023-06-03T18:47:42,0
2023-06-03T18:52:16,1
2023-06-03T18:52:44,0
2023-06-03T18:53:06,1
2023-06-03T18:53:21,0
2023-06-03T19:00:18,1
2023-06-03T19:00:34,0
2023-06-03T19:06:43,1
2023-06-03T19:07:16,0
2023-06-03T19:20:32,1
2023-06-03T19:21:08,0
2023-06-03T19:33:09,1
2023-06-03T19:33:26,0
2023-06-03T19:52:33,1
2023-06-03T19:52:40,0
2023-06-03T19:56:33,1
2023-06-03T19:56:35,0
2023-06-04T18:30,1
2023-06-04T18:30:14,0
2023-06-04T18:33:38,1
2023-06-04T18:34:18,0
2023-06-04T18:46:22,1
2023-06-04T18:46:38,0
2023-06-04T19:04:46,1
2023-06-04T19:04:51,0
2023-06-04T19:11:17,1
2023-06-04T19:11:29,0
2023-06-04T19:30:51,1
2023-06-04T19:31:27,0
2023-06-04T19:37:09,1
2023-06-04T19:37:37,0
2023-06-04T19:39:05,1
2023-06-04T19:39:31,0
2023-06-04T19:48:53,1
2023-06-04T19:48:57,0
2023-06-04T19:59:31,1
2023-06-04T19:59:40,0
2023-06-05T18:30,1
2023-06-05T18:30:35,0
2023-06-05T18:44:57,1
2023-06-05T18:45:14,1
2023-06-05T18:45:33,0
2023-06-05T18:45:51,0
2023-06-05T19:00:45,1
2023-06-05T19:01:19,0
2023-06-05T19:18:34,1
2023-06-05T19:18:49,0
2023-06-05T19:32:29,1
2023-06-05T19:32:48,0
2023-06-05T19:41:42,1
2023-06-05T19:42:15,0
2023-06-06T08:10,1
2023-06-06T08:10:41,0
2023-06-06T08:19:25,1
2023-06-06T08:19:59,0
2023-06-06T08:41:03,1
2023-06-06T08:41:45,0
2023-06-06T08:54:37,1
2023-06-06T08:54:41,0
2023-06-06T08:54:48,1
2023-06-06T08:55:12,0
2023-06-06T09:08:58,1
2023-06-06T09:09:31,0
2023-06-06T17:42:16,1
2023-06-06T17:42:27,0
2023-06-06T18:12,1
2023-06-06T18:12:29,0
2023-06-06T18:30:57,1
2023-06-06T18:31:02,0
2023-06-06T18:46:22,1
2023-06-06T18:46:31,0
2023-06-06T18:47:36,1
2023-06-06T18:48:04,0
2023-06-06T19:06:33,1
2023-06-06T19:06:45,0
2023-06-06T19:10:06,1
2023-06-06T19:10:31,0
2023-06-06T19:27:26,1
2023-06-06T19:27:27,0
2023-06-06T19:43:06,1
2023-06-06T19:43:39,0
2023-06-06T19:50:09,1
2023-06-06T19:50:39,0
2023-06-06T19:55:49,1
2023-06-06T19:55:50,0
2023-06-07T18:30,1
2023-06-07T18:30:28,0
2023-06-07T18:40:42,1
2023-06-07T18:41:15,0
2023-06-07T18:55:25,1
2023-06-07T18:55:51,0
2023-06-07T19:03:20,1
2023-06-07T19:03:35,0
2023-06-07T19:12:17,1
2023-06-07T19:12:54,0
2023-06-07T19:26:27,1
2023-06-07T19:26:51,0
2023-06-07T19:32:43,1
2023-06-07T19:32:48,0
2023-06-07T19:36:41,1
2023-06-07T19:37:02,0
2023-06-07T19:42:49,1
2023-06-07T19:42:57,0
2023-06-08T08:10,1
2023-06-08T08:10:15,0
2023-06-08T08:26:30,1
2023-06-08T08:26:47,0
2023-06-08T08:47:56,1
2023-06-08T08:48:12,0
2023-06-08T09:05:59,1
2023-06-08T09:06:37,0
2023-06-08T09:55:52,1
2023-06-08T09:56:23,0
2023-06-08T12:00:33,1
2023-06-08T12:01:13,0
2023-06-08T15:58:05,1
2023-06-08T15:58:10,0
2023-06-08T17:05:01,1
2023-06-08T17:05:38,0
2023-06-08T17:38:21,1
2023-06-08T17:38:28,0
2023-06-08T18:12,1
2023-06-08T18:12:07,0
2023-06-08T18:21:13,1
2023-06-08T18:21:42,0
2023-06-08T18:21:59,1
2023-06-08T18:22,0
2023-06-08T18:26:52,1
2023-06-08T18:27:18,0
2023-06-08T18:36:33,1
2023-06-08T18:36:44,0
2023-06-08T18:41:12,1
2023-06-08T18:41:17,0
2023-06-08T18:53,1
2023-06-08T18:53:41,0
2023-06-08T19:11:51,1
2023-06-08T19:12:20,0
2023-06-08T19:20:53,1
2023-06-08T19:21:21,0
2023-06-08T19:39:29,1
2023-06-08T19:39:35,0
2023-06-08T19:54:55,1
2023-06-08T19:55,0
2023-06-09T18:30,1
2023-06-09T18:30:14,0
2023-06-09T18:48:31,1
2023-06-09T18:48:48,0
2023-06-09T18:57:13,1
2023-06-09T18:57:46,0
2023-06-09T19:07:54,1
2023-06-09T19:07:59,0
2023-06-09T19:24:03,1
2023-06-09T19:24:41,0
2023-06-09T19:30:18,1
2023-06-09T19:30:25,0
2023-06-09T19:50:58,1
2023-06-09T19:51:21,0
2023-06-09T19:58:16,1
2023-06-09T19:58:32,0
2023-06-10T08:10,1
2023-06-10T08:10:20,0
2023-06-10T08:31:24,1
2023-06-10T08:31:53,0
2023-06-10T08:43:15,1
2023-06-10T08:43:27,0
2023-06-10T08:48:27,1
2023-06-10T08:49:02,0
2023-06-10T09:06:50,1
2023-06-10T09:07:05,0
2023-06-10T09:15:03,1
2023-06-10T09:15:06,0
2023-06-10T11:34:23,1
2023-06-10T11:34:51,0
2023-06-10T13:10:49,1
2023-06-10T13:10:58,0
2023-06-10T13:24:22,1
2023-06-10T13:24:35,0
2023-06-10T16:47:39,1
2023-06-10T16:48:06,0
2023-06-10T18:12,1
2023-06-10T18:12:01,0
2023-06-10T18:18:07,1
2023-06-10T18:18:38,0
2023-06-10T18:18:41,1
2023-06-10T18:18:56,0
2023-06-10T18:31:09,1
2023-06-10T18:31:40,0
2023-06-10T18:44,1
2023-06-10T18:44:33,0
2023-06-10T18:56:13,1
2023-06-10T18:56:19,0
2023-06-10T19:07:12,1
2023-06-10T19:07:48,0
2023-06-10T19:17:13,1
2023-06-10T19:17:20,0
2023-06-10T19:26:21,1
2023-06-10T19:26:51,0
2023-06-10T19:44:39,1
2023-06-10T19:44:54,0
2023-06-10T19:49:35,1
2023-06-10T19:50:08,0
2023-06-11T18:30,1
2023-06-11T18:30:12,0
2023-06-11T18:35:19,1
2023-06-11T18:35:35,0
2023-06-11T18:42:35,1
2023-06-11T18:42:49,0
2023-06-11T18:52:29,1
2023-06-11T18:52:36,0
2023-06-11T18:56:49,1
2023-06-11T18:57:05,0
2023-06-11T19:05:20,1
2023-06-11T19:06:02,0
2023-06-11T19:17:05,1
2023-06-11T19:17:45,0
2023-06-11T19:20:46,1
2023-06-11T19:20:55,0
2023-06-11T19:37:33,1
2023-06-11T19:37:58,0
2023-06-11T19:58:45,1
2023-06-11T19:58:56,0
2023-06-12T18:30,1
2023-06-12T18:30:12,0
2023-06-12T18:39:27,1
2023-06-12T18:39:42,0
2023-06-12T19:01:12,1
2023-06-12T19:01:48,0
2023-06-12T19:08:57,1
2023-06-12T19:09:37,0
2023-06-12T19:11:34,1
2023-06-12T19:11:44,0
2023-06-12T19:32:02,1
2023-06-12T19:32:14,0
2023-06-12T19:50:26,1
2023-06-12T19:51:07,0
2023-06-12T19:55:42,1
2023-06-12T19:56:15,0
2023-06-13T08:10,1
2023-06-13T08:10:16,0
2023-06-13T08:25:17,1
2023-06-13T08:25:29,0
2023-06-13T08:42:37,1
2023-06-13T08:42:54,0
2023-06-13T09:03:51,1
2023-06-13T09:04:33,0
2023-06-13T12:58:52,1
2023-06-13T12:59:19,0
2023-06-13T16:24:19,1
2023-06-13T16:24:25,0
2023-06-13T18:12,1
2023-06-13T18:12:02,0
2023-06-13T18:16:11,1
2023-06-13T18:16:44,0
2023-06-13T18:23:08,1
2023-06-13T18:23:29,0
2023-06-13T18:44:08,1
2023-06-13T18:44:36,0
2023-06-13T18:50:10,1
2023-06-13T18:50:20,0
2023-06-13T19:11:53,1
2023-06-13T19:12:26,0
2023-06-13T19:23:34,1
2023-06-13T19:24:02,0
2023-06-13T19:41:40,1
2023-06-13T19:41:59,0
2023-06-13T19:42:57,1
2023-06-13T19:42:58,0
2023-06-14T18:30,1
2023-06-14T18:30:19,0
2023-06-14T18:35:41,1
2023-06-14T18:35:52,0
2023-06-14T18:54:21,1
2023-06-14T18:54:26,0
2023-06-14T19:11:45,1
2023-06-14T19:11:52,0
2023-06-14T19:19:43,1
2023-06-14T19:20:06,0
2023-06-14T19:24:30,1
2023-06-14T19:24:34,0
2023-06-14T19:26:01,1
2023-06-14T19:26:02,0
2023-06-14T19:28:12,1
2023-06-14T19:28:47,0
2023-06-14T19:45:22,1
2023-06-14T19:45:27,0
2023-06-15T08:10,1
2023-06-15T08:10:23,0
2023-06-15T08:30:32,1
2023-06-15T08:30:37,0
2023-06-15T08:50:09,1
2023-06-15T08:50:43,0
2023-06-15T08:57:37,1
2023-06-15T08:58:14,0
2023-06-15T09:03:14,1
2023-06-15T09:03:50,0
2023-06-15T10:06:42,1
2023-06-15T10:06:59,0
2023-06-15T14:47:17,1
2023-06-15T14:47:49,0
2023-06-16T18:30,1
2023-06-16T18:30:40,0
2023-06-16T18:38:34,1
2023-06-16T18:39:09,0
2023-06-16T18:47:59,1
2023-06-16T18:48:34,0
2023-06-16T19:01:36,1
2023-06-16T19:01:50,0
2023-06-16T19:15:55,1
2023-06-16T19:16:23,0
2023-06-16T19:20:55,1
2023-06-16T19:21:03,0
2023-06-16T19:24:10,1
2023-06-16T19:24:28,0
2023-06-16T19:38:10,1
2023-06-16T19:38:48,0
2023-06-16T19:50:31,1
2023-06-16T19:50:34,0
2023-06-17T08:10,1
2023-06-17T08:10:39,0
2023-06-17T08:28:03,1
2023-06-17T08:28:39,0
2023-06-17T08:37:24,1
2023-06-17T08:37:31,0
2023-06-17T08:50:32,1
2023-06-17T08:50:49,0
2023-06-17T09:09:01,1
2023-06-17T09:09:18,0
2023-06-17T13:40:53,1
2023-06-17T13:41:25,0
2023-06-17T18:12,1
2023-06-17T18:12:19,0
2023-06-17T18:25:59,1
2023-06-17T18:26:12,0
2023-06-17T18:39:31,1
2023-06-17T18:40:03,0
2023-06-17T18:53:42,1
2023-06-17T18:54:07,0
2023-06-17T19:15:30,1
2023-06-17T19:15:53,0
2023-06-17T19:19:05,1
2023-06-17T19:19:37,0
2023-06-17T19:30:52,1
2023-06-17T19:31:33,0
2023-06-17T19:31:54,1
2023-06-17T19:32,0
2023-06-17T19:38:58,1
2023-06-17T19:39:23,0
2023-06-17T19:56:11,1
2023-06-17T19:56:24,0
2023-06-18T18:30,1
2023-06-18T18:30:34,0
2023-06-18T18:45:09,1
2023-06-18T18:45:18,0
2023-06-18T19:00:43,1
2023-06-18T19:01:22,0
2023-06-18T19:15:11,1
2023-06-18T19:15:21,0
2023-06-18T19:25:38,1
2023-06-18T19:26:07,0
2023-06-18T19:28:48,1
2023-06-18T19:28:52,0
2023-06-18T19:32:47,1
2023-06-18T19:33:05,0
2023-06-18T19:36:15,1
2023-06-18T19:36:28,0
2023-06-18T19:53:40,1
2023-06-18T19:54:09,0
2023-06-18T19:57:59,1
2023-06-18T19:58:39,0
2023-06-19T18:30,1
2023-06-19T18:30:33,0
2023-06-19T18:35:52,1
2023-06-19T18:36:23,0
2023-06-19T18:44:30,1
2023-06-19T18:44:45,0
2023-06-19T18:57:37,1
2023-06-19T18:57:38,0
2023-06-19T19:01:02,1
2023-06-19T19:01:39,0
2023-06-19T19:03:56,1
2023-06-19T19:04:01,0
2023-06-19T19:13:36,1
2023-06-19T19:14:11,0
2023-06-19T19:18:23,1
2023-06-19T19:18:56,0
2023-06-19T19:32:09,1
2023-06-19T19:32:37,0
2023-06-19T19:46:16,1
2023-06-19T19:46:52,0
2023-06-20T00:00,0
